Metric,Value
TP,213.0
TN,71.0
FP,37.0
FN,33.0
Prevalence,0.7062146892655368
PPV,0.852
NPV,0.6826923076923077
Sensitivity,0.8658536585365854
Specificity,0.6574074074074074
FPR,0.3425925925925926
FNR,0.13414634146341464
